criterion,name,summary,system_score,system_is_na,system_justification,human_score_blind,agreement,post_hoc_notes
C1,Completezza strutturale,"Presenza delle 9 sezioni obbligatorie del template UniCT (RA, PR, CN, MV, ED, TD, MS, MF, PRG).",2,false,"Il syllabus presenta tutte le nove sezioni obbligatorie richieste dalle Linee Guida UniCT (RA, PR, CN, MV, ED, TD, MS, MF, PRG) e ciascuna di esse è compilata in modo sostanziale e dettagliato. Le informazioni fornite sono chiare e complete per ogni sezione.",,,
C2,Completezza bilingue,"Disponibilita della versione inglese per il perimetro minimo (titolo, RA, contenuti, modalita di verifica).",2,false,"Il syllabus fornisce una versione inglese completa per tutti gli elementi richiesti dal perimetro minimo: il titolo del corso (che è già in inglese), i risultati di apprendimento, i contenuti del corso e le modalità di verifica. La presenza dei campi `_en` per tutte queste sezioni conferma la completezza bilingue.",,,
C3,Formulazione dei risultati di apprendimento,I risultati di apprendimento attesi sono formulati in modo specifico e centrato sullo studente.,2,false,"I risultati di apprendimento attesi sono formulati in modo chiaro, specifico e verificabile, descrivendo ciò che lo studente sarà in grado di conoscere e fare al termine del corso. Le formulazioni sono centrate sullo studente e utilizzano verbi d'azione che indicano competenze e abilità osservabili, come raccomandato dalle Linee Guida UniCT e dalla Matrice di Tuning. Vengono menzionate tecniche e contesti specifici del Deep Learning avanzato, rendendo i risultati concreti e misurabili.",,,
C4,Descrittori di Dublino,"Presenza e qualita dei 5 descrittori di Dublino (conoscenza, applicazione, giudizio, comunicazione, apprendimento).",2,false,"Tutti e cinque i Descrittori di Dublino sono esplicitamente presenti e ben articolati, come richiesto dalle Linee Guida UniCT. Ogni descrittore presenta contenuti specifici e differenziati, evitando ripetizioni e fornendo un quadro completo delle competenze che lo studente acquisirà. Le descrizioni sono dettagliate e pertinenti al contesto del Deep Learning avanzato, dimostrando una chiara comprensione dei requisiti per ciascun descrittore.",,,
C5,Chiarezza dei prerequisiti,"Prerequisiti specifici, formulati come conoscenze richieste, con distinzione esplicita tra culturali/generali e disciplinari/specialistici (rubrica a1_v5).",1,false,"I prerequisiti sono presenti e formulati in modo specifico, indicando le conoscenze tecniche richieste allo studente. Tuttavia, non viene fatta una distinzione esplicita tra prerequisiti culturali e formali, né viene utilizzata la gradazione di importanza (utili, importanti, indispensabili) raccomandata dalle Linee Guida UniCT. La formulazione è utile allo studente per comprendere le basi necessarie, ma manca della categorizzazione esplicita richiesta per il punteggio massimo.",,,
C6,Coerenza didattica RA/contenuti,I contenuti del corso coprono i risultati di apprendimento dichiarati (mapping ricostruibile dai testi).,2,false,"Le modalità di verifica dell'apprendimento sono descritte in modo estremamente dettagliato e specifico. Il syllabus chiarisce la struttura dell'esame (due moduli, prova scritta e progetto per ciascuno), le finalità di ogni prova, i criteri di attribuzione del voto con una rubrica chiara e le disposizioni per studenti con disabilità. Sono inoltre forniti esempi di domande, come suggerito dalle Linee Guida UniCT.",,,
C7,Strutturazione contenuti,I contenuti sono organizzati in modo chiaro e ricostruibile da evidenze testuali concrete.,2,false,"I contenuti del corso sono presentati in modo chiaro e ben organizzato. La sezione 'course_content_it' fornisce una panoramica tematica con una progressione logica, mentre la 'schedule_it' articola ulteriormente gli argomenti in 16 punti specifici, ciascuno con riferimenti bibliografici. Questa struttura dettagliata e la specificità degli argomenti dimostrano una chiara pianificazione e coerenza con gli obiettivi formativi.",,,
C8,Coerenza didattica RA/verifica,Le modalita di verifica permettono di valutare i risultati di apprendimento dichiarati.,2,false,"Esiste un'ottima coerenza tra i risultati di apprendimento attesi, i metodi didattici, i contenuti del corso e le modalità di verifica. Le lezioni frontali e le attività di laboratorio supportano l'acquisizione di conoscenze e l'applicazione pratica. La verifica tramite prova scritta e progetto individuale/di gruppo è ben allineata con i descrittori di Dublino, in particolare per la capacità di applicare conoscenza, l'autonomia di giudizio e le abilità comunicative, che sono esplicitamente valutate attraverso il progetto e i relativi criteri di attribuzione del voto.",,,
C9,Cura editoriale,"Il syllabus e curato a livello editoriale: niente refusi, formattazione coerente, riferimenti strutturati.",1,false,"Il syllabus presenta alcune imprecisioni e incongruenze editoriali che ne compromettono leggermente la cura complessiva. In particolare, i campi relativi ai Descrittori di Dublino in italiano e inglese iniziano in modo brusco, suggerendo un'estrazione parziale o un copia-incolla incompleto dal testo più ampio dei risultati di apprendimento. Si riscontrano anche lievi problemi di formattazione, come l'uso di caratteri speciali per gli elenchi puntati che includono un ritorno a capo non necessario. Inoltre, è presente un'incoerenza nel riferimento bibliografico per l'argomento ""Deep Reinforcement learning"" nella programmazione, dove viene citato il riferimento [11] anziché il più appropriato [12] per il testo di Barto.",,,
