criterion,name,summary,system_score,system_is_na,system_justification,human_score_blind,agreement,post_hoc_notes
C1,Completezza strutturale,"Presenza delle 9 sezioni obbligatorie del template UniCT (RA, PR, CN, MV, ED, TD, MS, MF, PRG).",2,false,"Il syllabus presenta tutte le nove sezioni obbligatorie richieste dalle Linee Guida UniCT (RA, PR, CN, MV, ED, TD, MS, MF, PRG). Ogni sezione è compilata in modo sostanziale e fornisce le informazioni attese, garantendo una completa strutturazione documentale del syllabus.",,,
C2,Completezza bilingue,"Disponibilita della versione inglese per il perimetro minimo (titolo, RA, contenuti, modalita di verifica).",2,false,"Il syllabus fornisce la versione inglese per tutte le sezioni richieste dal perimetro minimo: il titolo del corso, i risultati di apprendimento, i contenuti e le modalità di verifica. Il titolo del corso è già in inglese, e le altre sezioni sono tradotte in modo completo e accurato.",,,
C3,Formulazione dei risultati di apprendimento,I risultati di apprendimento attesi sono formulati in modo specifico e centrato sullo studente.,2,false,"I risultati di apprendimento attesi sono formulati in modo chiaro, specifico e verificabile. Utilizzano verbi d'azione che descrivono le conoscenze e le abilità che lo studente sarà in grado di dimostrare al termine del corso, andando oltre la semplice acquisizione di concetti e indicando capacità pratiche e critiche osservabili.",,,
C4,Descrittori di Dublino,"Presenza e qualita dei 5 descrittori di Dublino (conoscenza, applicazione, giudizio, comunicazione, apprendimento).",1,false,"Il campo narrativo generale dei risultati di apprendimento (""learning_outcomes_it"") articola in modo completo e specifico tutti e cinque i Descrittori di Dublino. Tuttavia, i campi individuali dedicati a ""dublin_knowledge_it"" e ""dublin_applying_it"" risultano vuoti. Questo, secondo le regole di valutazione, implica che non tutti i descrittori sono compilati nelle loro sezioni dedicate, rendendo l'articolazione parziale rispetto alla struttura attesa, nonostante il contenuto sia presente altrove.",,,
C5,Chiarezza dei prerequisiti,"Prerequisiti specifici, formulati come conoscenze richieste, con distinzione esplicita tra culturali/generali e disciplinari/specialistici (rubrica a1_v5).",1,false,"I prerequisiti sono presenti e formulati in modo specifico, descrivendo le conoscenze attese in termini di abilità e concetti, il che li rende utili allo studente per autovalutarsi. Viene inoltre indicata una gradazione di importanza tramite il termine 'raccomandati'. Tuttavia, non è presente una distinzione esplicita tra prerequisiti 'culturali' e 'formali' come suggerito dalle Linee Guida UniCT per il punteggio massimo, né viene utilizzata la gradazione specifica 'utili', 'importanti' o 'indispensabili'.",,,
C6,Coerenza didattica RA/contenuti,I contenuti del corso coprono i risultati di apprendimento dichiarati (mapping ricostruibile dai testi).,2,false,"Le modalità di verifica dell'apprendimento sono descritte in modo molto chiaro e specifico. Il syllabus dettaglia le componenti d'esame (progetto individuale e colloquio orale), i criteri di valutazione per ciascuna prova e i criteri di attribuzione del voto finale, inclusa la formula di calcolo. Sono inoltre forniti esempi di domande, come raccomandato dalle Linee Guida UniCT.",,,
C7,Strutturazione contenuti,I contenuti sono organizzati in modo chiaro e ricostruibile da evidenze testuali concrete.,2,false,"I contenuti del corso sono presentati in modo chiaro, dettagliato e ben organizzato. La sezione 'course_content_it' fornisce una descrizione esaustiva degli argomenti, mentre la 'schedule_it' articola ulteriormente il programma in 15 punti specifici, ciascuno con riferimenti a materiali didattici, garantendo una progressione logica e una chiara comprensione di ciò che verrà trattato. Questo è in linea con le raccomandazioni normative che richiedono contenuti chiaramente illustrati e coerenti con gli obiettivi formativi.",,,
C8,Coerenza didattica RA/verifica,Le modalita di verifica permettono di valutare i risultati di apprendimento dichiarati.,2,false,"La coerenza didattico-valutativa è eccellente. I risultati di apprendimento attesi, che spaziano dalla conoscenza teorica alla capacità pratica, all'autonomia di giudizio e alle abilità comunicative, sono pienamente supportati dai metodi didattici che includono lezioni frontali e attività pratiche. Le modalità di verifica, in particolare il progetto individuale con report ed esposizione, sono perfettamente allineate con l'accertamento delle competenze pratiche, di giudizio e comunicative, mentre il colloquio orale verifica la conoscenza e comprensione teorica. Questo allineamento è esplicitamente richiesto dalle normative di riferimento.",,,
C9,Cura editoriale,"Il syllabus e curato a livello editoriale: niente refusi, formattazione coerente, riferimenti strutturati.",1,false,"Il syllabus presenta alcune carenze nella cura editoriale che ne compromettono parzialmente la leggibilità e la coerenza. Si riscontrano frequenti interruzioni di riga non giustificate all'interno delle frasi, sia nella versione italiana che in quella inglese, e una formattazione non ottimale degli elenchi puntati. È presente un refuso nella versione inglese dei risultati di apprendimento (""indipendently"" anziché ""independently"") e un'incoerenza linguistica nella programmazione del corso in inglese, dove compare una congiunzione in italiano. Questi elementi indicano una cura editoriale non del tutto accurata, sebbene il documento sia complessivamente comprensibile.",,,
